titulo,fonte,resumo,link
The Night Belonged To New York For Jacques Marie Mage’s SoHo Gallery Opening,Vogue,"As the city livens up for summer, there’s no neighborhood buzzier than SoHo. On Thursday, it was particularly jam-packed for the opening of Jacques Marie Mage’s highly anticipated ‘gallery’ on Wooster Street.",https://www.vogue.com/slideshow/jacques-marie-mage-soho-new-york
Why is Everyone Sleeping With Zinc Oxide on Their Face?,Vogue,"Could a layer of zinc oxide before bed be the hack for glowing, hydrated skin? Experts weigh in.",https://www.vogue.com/article/sleeping-with-zinc-oxide-on-face
Wait. . . What Is Happening With Susan Boyle?,Vogue,"The Scottish singer, who you may remember going viral on “Britain’s Got Talent,” is back with a new look. And we have some questions.",https://www.vogue.com/article/susan-boyle-new-music-look
Seeing Red! Billie Eilish Ditches Her Signature Dark Hair for Summer,Vogue,The singer is known for experimenting with her hair—here's the latest hue she's trying on.,https://www.vogue.com/article/red-billie-eilish
The 8 Best Skin-Care Ingredients That Support Collagen,Vogue,"Supporting collagen production is vital to skin health. Here, experts break down the best skin-care ingredients you need for firm, hydrated, and plump skin.",https://www.vogue.com/article/skincare-ingredients-that-support-collagen
Round Cut Engagement Rings: What to Know About the Classic Diamond Shape,Vogue,Round cut engagement rings are one of the most timeless and popular diamond shapes for a reason. We break down all you need to know about this classic cut.,https://www.vogue.com/article/round-cut-engagement-rings-guide
13 Fiber-Rich Foods for a Healthier Gut,Vogue,"Since 95% of us are deficient in fiber, what are the best fiber-rich foods to improve gut health and our longevity? Vogue spoke to the experts to find out.",https://www.vogue.com/article/fiber-rich-foods-2026
The Bride Wore Custom Chloé and Her Grandmother’s Yellow Diamond Earrings for Her Coastal California Wedding,Vogue,Maddi Lucas wore a Chloé dress designed by Chemena Kamali and family heirloom earrings for her wedding to Connor Oman at the home of her grandmother.,https://www.vogue.com/slideshow/maddi-lucas-and-connor-oman-wedding
Vogue Staffers Predict the Summer Trends You’ll Be Seeing Everywhere,Vogue,"Day-Glo! Muscle tanks! Even freakier sandals! Here are the trends set to be stomping the streets of your hot, hot summer in the city soon.",https://www.vogue.com/article/summer-trend-predictions
Crochet Wedding Dresses Are 2026’s Most Romantic Bridal Trend,Vogue,"In the bridal world, crochet is back in the spotlight.",https://www.vogue.com/article/crochet-wedding-dresses-2026-bridal-trend-bohemian-romance-craftsmanship
The Art of Using Two Wallpapers in One Room,Vogue,"“Using multiple wallpapers allows you to create dimension and nuance in a way that a single pattern often cannot,” one interior design expert tells Vogue.",https://www.vogue.com/article/the-art-of-using-two-wallpapers-in-one-room
Greta Lee Is Back on Team Bangs for Summer,Vogue,To infinity and bangs! “Toy Story 5” star Greta Lee embraced a blunt new fringe at the London premiere.,https://www.vogue.com/article/greta-lee-bangs
"22 First-Time Tony Nominees on Director Notes, Post-Show Meals, and How They Came to Love the Theater",Vogue,"Rose Byrne, Christopher Abbott, June Squibb, Lesley Manville, Ana Gasteyer, and more actors celebrating their first Tony nomination this year answered eight of our most burning questions ahead of the June 7 ceremony.",https://www.vogue.com/article/first-time-tony-nominees-questionnaire-2026
"How Travel Can Help Us Live Longer and Fight Aging, According to Science",Vogue,"Discovering new places not only broadens our horizons, but—according to a new study—benefits our overall health.",https://www.vogue.com/article/how-travel-can-help-us-live-longer-and-fight-ageing-according-to-the-science
Cara Delevingne Is Ready to Reintroduce Herself: A Behind-the-Scenes Look at Her New Music,Vogue,"Top model, actor, and now singer: Cara Delevingne is launching her music era with two new singles—and a totally surreal video.",https://www.vogue.com/article/cara-delevingne-singles-music-video-interview
Butter Nails Are Summer’s Most-Requested Manicure—Again,Vogue,From lemon decals to chrome butter and a French mani twist—the pale yellow manicure has leveled up to be the perfect companion to your Euro summer.,https://www.vogue.com/article/butter-nails-trend
Carrie Bradshaw Is (and Always Has Been) the Summer Style Blueprint,Vogue,A look at Carrie Bradshaw's Many Summer Inspired Outfits,https://www.vogue.com/slideshow/carrie-bradshaw-summer-style-inspiration
"With Jannik Sinner Out, Who Wins the French Open? Breaking Down the Weekend’s Must-See Matchups",Vogue,"With Carlos Alcaraz injured, this was Sinner's easiest-seeming slam; does this make Novak Djokovic's path to a 25th slam any easier?",https://www.vogue.com/article/french-open-2026-first-weekend-matchups
Inside the Otherworldly Lucas Museum of Narrative Art in Los Angeles,Vogue,George Lucas and Mellody Hobson on the massive new architectural icon—housing their personal collection of art and artifacts—opening in September 2026,https://www.vogue.com/article/lucas-museum-of-narrative-art-los-angeles
'Summer House’s' Ciara Miller Knows Revenge Is a Dress Best Served Hot,Vogue,"From Princess Diana to Mariah Carey and now the women of Bravo, there's no better sartorial statement than the iconic revenge dress.",https://www.vogue.com/article/summer-house-ciara-miller-di-petsa-revenge-dress
This Traditional Chinese Medicine Hack Clears an Acne Breakout Fast,Vogue,Traditional Chinese Medicine practitioner Sandra Lanshin Chiu breaks down a simple and speedy practice for clearing a zit.,https://www.vogue.com/article/treat-acne-breakout-traditional-chinese-medicine-trick
Smocked Dresses Are the One-and-Done Outfit Your Summer Wardrobe Needs,Vogue,"Printed or plain, mini or maxi—smocked dresses are a perennial summer favorite for a reason. Shop the season’s chicest styles from Merlette, Staud, and more.",https://www.vogue.com/article/smocked-dresses
9 Vogue-Approved Ways on How to Style Activewear,Vogue,"From hoodies and windbreakers to sweatpants and the good ol’ black legging, here are nine easy-to-recreate ideas on how to style activewear this summer.",https://www.vogue.com/article/activewear-outfit-ideas
The Best Activewear Brands to Know and Shop in 2026,Vogue,"Whether’s it’s yoga, running, or tennis, the brands on our best activewear list—Lululemon, Vuori, Adidas, and Nike—push the limits of performance wear.",https://www.vogue.com/article/best-activewear
Marilyn Monroe’s 5 Best Movie Performances,Vogue,Discover the best Marilyn Monroe movies and performances that prove the Hollywood icon was far more talented than many remember.,https://www.vogue.com/article/5-best-marilyn-monroe-movie-performances
Louis Vuitton Resort 2027 Menswear,Vogue,,https://www.vogue.com/fashion-shows/resort-2027-menswear/louis-vuitton
36 Satin Bridesmaid Dresses for a Picture-Perfect Bridal Party,Vogue,"From simple slips to sweeping gowns, a satin bridesmaid dress is timeless—here are some of the best options on the market.",https://www.vogue.com/article/satin-bridesmaid-dresses
The Best Zara New Arrivals to Shop for Spring 2026 | Vogue,Vogue,Summer essentials and a new Bad Bunny collaboration are a few of the best Zara new arrival finds we’re eyeing this week.,https://www.vogue.com/article/best-zara-finds
Shop Our Favorite Celebrity Looks of the Week | Vogue,Vogue,"Shop the best celebrity street style looks of the week, perfect for the season ahead—just a few simple clicks away.",https://www.vogue.com/article/best-celebrity-outfits
"23 Best Airbnbs in Italy, From Puglia to the Dolomites",Vogue,"Whether you’re dreaming of rugged coastlines or rambling hillsides, these are the best Airbnbs to book in Italy, from Puglia to Tuscany to the Amalfi Coast.",https://www.vogue.com/article/best-airbnbs-in-italy
The Valentino Rockstud Renaissance Is Upon Us,ELLE,<p>The nostalgic shoe is making a full-fledged comeback.</p>,https://www.elle.com/fashion/trend-reports/a71377606/valentino-rockstud-trend-explained-shop/
The Best Father’s Day Gifts for Every Type of Dad in 2026,ELLE,<p>Discover meaningful presents that go far beyond the usual.</p>,https://www.elle.com/fashion/shopping/a71433434/best-fathers-day-gifts/
Naomi Osaka’s French Open ‘Court-ure’ Style Is a Grand Slam,ELLE,<p>The tennis star’s creative collaborator Marty Harper on bringing her fashion narrative to life.</p>,https://www.elle.com/fashion/celebrity-style/a71434920/naomi-osaka-french-open-style-explained-2026/
Ralph Lauren Home and <em>Cabana</em> Magazine Team Up on Summer-Ready Linens,ELLE,<p>And they’re so very giftable.</p>,https://www.elle.com/fashion/shopping/a71422711/ralph-lauren-home-cabana-magazine-table-linens-collection/
This Week’s Standout Celebrity Looks—and Exactly Where to Buy Each Piece,ELLE,"<p>From red carpets to real life, here’s how to get the ensembles everyone’s talking about.</p>",https://www.elle.com/fashion/shopping/a71243717/best-celebrity-style-may-2026/
The Summer Hat Trend You’re About to See Everywhere,ELLE,<p>Cowboy hats are the new MVPs of vacation dressing.</p>,https://www.elle.com/fashion/shopping/a71365157/cowboy-hat-summer-trends/
The Best Spring/Summer 2026 Fashion Campaigns,ELLE,,https://www.elle.com/fashion/a68046559/best-spring-summer-2026-campaigns/
Bermuda Shorts Are Easier Than Ever to Style—These 6 Summer Outfits Prove It,ELLE,"<p>Street style from Milan, Paris, Copenhagen, and London to inspire your next look.</p>",https://www.elle.com/fashion/shopping/a71270263/bermuda-shorts-outfits-summer-2026/
The Stylish Shoes That Make Long Days Easier on Your Body,ELLE,"<p>No pain, all polish.</p>",https://www.elle.com/fashion/shopping/a71410483/best-shoes-for-back-pain/
Elizabeth Taylor’s Vintage Fendi Baguettes Are Up for Sale,ELLE,<p>The late socialite’s designer pieces are the star of a new Christie’s auction celebrating the cult-favorite accessory.</p>,https://www.elle.com/fashion/celebrity-style/a71423524/elizabeth-taylor-fendi-baguette-christies-auction/
What’s So Wrong About a Babydoll Dress?,ELLE,"<p>Olivia Rodrigo’s babydoll dresses are stirring debate, but the silhouette has long been tied to rebellion.</p>",https://www.elle.com/fashion/celebrity-style/a71273610/olivia-rodrigo-babydoll-dress-controversy-explained/
Stephen Jones Believes That ‘Anything Can Be a Hat’,ELLE,<p>The legendary milliner has turned the accessory into an art form.</p>,https://www.elle.com/fashion/accessories/a71297500/stephen-jones-milliner-celebrity-hats-interview-2026/
The Launch: Fashion News to Know This May,ELLE,,https://www.elle.com/fashion/a71187834/best-fashion-launches-may-2026/
"According to Experts, These Are the Coziest Deep Couches to Sink Into",ELLE,<p>Don’t mind if I do!</p>,https://www.elle.com/fashion/shopping/g71364622/best-deep-couches-reviewed/
Maria Grazia Chiuri Looks to the Fendi Archives for Her Debut Cruise Collection,ELLE,<p>The Roman house’s cruise 2027 offering reimagined a Karl Lagerfeld-era short film.</p>,https://www.elle.com/fashion/a71421450/fendi-cruise-2027-review/
Coach’s Empire 48 Carryall Is the Chicest Travel Bag I’ve Tried This Year,ELLE,<p>Sorry to my backpack.</p>,https://www.elle.com/fashion/shopping/a71413057/coach-empire-48-carryall-review-2026/
All the Standout Fall/Winter 2026 Fashion Campaigns So Far,ELLE,,https://www.elle.com/fashion/g71231506/best-fall-winter-2026-campaigns/
Henry Zankov Is Diane von Furstenberg’s New Artistic Director,ELLE,<p>The designer will show his debut collection at New York Fashion Week in September.</p>,https://www.elle.com/fashion/a71420397/henry-zankov-diane-von-fursenberg-artistic-director/
Jessica Alba Is ‘Holding Space’ for Love,ELLE,"<p>The actress opens up about navigating relationships in the limelight, stacking jewelry, and starring in a campaign for Gabriel &amp; Co.</p>",https://www.elle.com/fashion/celebrity-style/a71410738/jessica-alba-gabriel-co-campaign-interview/
Safe Word: Audemars Piguet’s Royal Oak Gets the Ambush Treatment,ELLE,,https://www.elle.com/fashion/jewelry/a71187000/best-jewelry-launches-may-2026/
All the Best Pre-Fall 2026 Fashion Campaigns,ELLE,,https://www.elle.com/fashion/g71086880/best-pre-fall-2026-fashion-campaigns/
The Best Memorial Day Deals Are Still Happening—Here’s What ELLE Editors Are Shopping,ELLE,<p>Skip the tab overload—these are the best deals worth adding to cart before they sell out.</p>,https://www.elle.com/fashion/shopping/a71337412/memorial-day-deals-2026/
The Maje x Blanca Miró Collaboration Will Have You Yearning for a European Summer,ELLE,<p>Retro-inspired silhouettes in a dreamy color palette? Say no more.</p>,https://www.elle.com/fashion/shopping/a71386620/maje-blanca-miro-collaboration-2026/
The Fashion Insider’s Guide to the Best Under-the-Radar Swimwear Brands,ELLE,<p>These are your guarantee of being the coolest person at the beach.</p>,https://www.elle.com/fashion/shopping/a71343716/unexpected-swimwear-brands/
All the Celebrity Looks From the 2026 Cannes Film Festival,ELLE,<p>Take in all the cinematic fashion.</p>,https://www.elle.com/fashion/celebrity-style/a71245316/all-the-looks-photos-cannes-film-festival-2026/
The Best-Dressed Celebrities at the 2026 Cannes Film Festival Deserve Their Own Palme d’Or,ELLE,"<p>Bella Hadid, Kristen Stewart, and Taylor Russell brought their finest fashions to the Croisette.</p>",https://www.elle.com/fashion/celebrity-style/a71373741/best-dressed-photos-cannes-film-festival-2026/
Lululemon Just Restocked Its ‘We Made Too Much’ Section for Memorial Day—Shop Our Top Picks,ELLE,<p>We rarely see these editor favorites drop this low in price.</p>,https://www.elle.com/fashion/shopping/a71337443/lululemon-memorial-day-deals-2026/
Gingham Is Back for Summer 2026—and Cooler Than Ever,ELLE,<p>Here are the freshest ways to wear this season’s chicest print.</p>,https://www.elle.com/fashion/shopping/a71317267/gingham-trend-summer-2026/
The Summer Skirt Trends Fashion People Are Wearing on Repeat,ELLE,"<p>Street style tested, editor-approved.</p>",https://www.elle.com/fashion/shopping/a71003037/summer-2026-skirt-trends/
Chic Girls Everywhere Are About to Live in Isabel Marant x Havaianas This Summer,ELLE,<p>The classic beach sandal just got a serious designer upgrade.</p>,https://www.elle.com/fashion/shopping/a71352385/isabel-marant-x-havaianas-collaboration/
Zendaya’s Off-the-Runway Party Look Signals an Unexpected Summer Trend,ELLE,<p>Sporty girls are up.</p>,https://www.elle.com/fashion/celebrity-style/a71376925/zendaya-silk-boxer-shorts-summer-trend-photos/
24 Summer-Ready Finds From Nordstrom’s Half-Yearly Sale,ELLE,"<p>Bottega Veneta, Adidas, and Westman Atelier are up to 60 percent off.</p>",https://www.elle.com/fashion/shopping/a71373678/nordstrom-half-yearly-sale-may-2026/
White Jeans Are a Summer Classic—Here’s How Celebs Are Wearing Them This Year,ELLE,"<p>It’s all about wide-leg silhouettes, monochrome styling, and laid-back fits.</p>",https://www.elle.com/fashion/shopping/a71338255/white-jeans-outfits/
Calling All Summer Sirens,ELLE,<p>We’re officially rebranding mermaidcore.</p>,https://www.elle.com/fashion/shopping/a71221499/summer-siren-aesthetic-fashion-trend-2026/
Exclusive: Chase Infiniti Goes Futuristic for Louis Vuitton’s Cruise 2027 Show,ELLE,<p>The actress takes ELLE along to the maison’s art-inspired runway show at The Frick Collection in New York City.</p>,https://www.elle.com/fashion/celebrity-style/a71374350/chase-infiniti-louis-vuitton-cruise-2027-getting-ready/
Olandria Is in Her High-Fashion Bag,ELLE,<p>The <em>Love Island</em> breakout star discusses her full-circle collaboration with Brandon Blackwood.</p>,https://www.elle.com/fashion/celebrity-style/a71297600/olandria-brandon-blackwood-collaboration-interview-2026/
Bella Hadid Just Co-Signed Metallic Sneakers for Summer,ELLE,<p>The silver Puma Speedcats she wore in Cannes are only $100.</p>,https://www.elle.com/fashion/shopping/a71309862/best-metallic-sneaker-trends/
"So, What Happened to the Cannes ‘Naked Dressing’ Ban?",ELLE,"<p>From Bella Hadid to Kristen Stewart, stars pushed the boundaries of the dress code this year.</p>",https://www.elle.com/fashion/celebrity-style/a71343219/cannes-naked-dressing-ban-2026-photos/
Inside the Uniqlo x Cecilie Bahnsen Collaboration Everyone Will Wear This Summer,ELLE,"<p>Update your warm-weather wardrobe with these chic, versatile styles.</p>",https://www.elle.com/fashion/shopping/a71085465/uniqlo-cecilie-bahnsen-collaboration/
At Ease: The Return of the Slouchy Bag,ELLE,<p>A little less structure goes a long way.</p>,https://www.elle.com/fashion/shopping/a70909813/slouchy-bag-trend/
Hailey Bieber Is Ready for an Effortless Summer,ELLE,"<p>The model talks warm-weather essentials, swimsuits, and her new role as Calzedonia’s global digital ambassador.</p>",https://www.elle.com/fashion/celebrity-style/a71353914/hailey-bieber-calzedonia-campaign-interview/
Bella Hadid Defies the Cannes Dress Code With Her Sheer Schiaparelli Gown’s Neck-to-Hip Cutout,ELLE,,https://www.elle.com/fashion/celebrity-style/a71364496/bella-hadid-schiaparelli-cutout-gown-cannes-film-festival-photos-dress-code/
"Take a Hike, Chunky Soles—These Sneaker Trends Are Taking Over",ELLE,<p>Get ready to revamp your rotation.</p>,https://www.elle.com/fashion/shopping/a70082570/2026-sneaker-trends/
Stylish Women Are Wearing These Denim Trends the Most in 2026,ELLE,<p>It’s time to say hello to the next era.</p>,https://www.elle.com/fashion/shopping/a70079587/2026-denim-trends/
Bad Bunny’s ‘Benito Antonio’ Collection With Zara Is Pure Island Bliss,ELLE,<p>The 150-piece collection captures everything that makes the rapper’s style unmistakably his own.</p>,https://www.elle.com/fashion/celebrity-style/a71361866/bad-bunny-zara-benito-antonio-collection/
This Spring’s Most-Wanted Shoes Are Anything But Ordinary,ELLE,<p>The season’s standout styles are a step beyond.</p>,https://www.elle.com/fashion/trend-reports/a71233847/unconventional-shoe-trend-spring-2026/
The Newest Fashion Flex Is the Hyper-Specific Archive Piece,ELLE,"<p>From ’90s Vivienne Tam to Michael Kors-era Céline, IYKYK collections are the new status symbol.</p>",https://www.elle.com/fashion/trend-reports/a71286650/niche-vintage-fashion-trend-2026/
Balenciaga and Manolo Blahnik’s New Collab Is Already an It-Shoe Contender,ELLE,"<p>Carrie Bradshaw, eat your heart out.</p>",https://www.elle.com/fashion/shopping/a71349816/balenciaga-manolo-blahnik-collaboration-shoes-shop/
"36 Memorial Day Sales Worth Shopping Right Now, According to ELLE Editors",ELLE,"<p>Coveted brands like Dyson, Tory Burch, and Apple are up to 63 percent off.</p>",https://www.elle.com/fashion/shopping/a71319878/best-memorial-day-sales-2026/
"Enter the Winston Garden, Forever in Bloom",ELLE,<p>Harry Winston’s long relationship with floral design continues to grow by translating natural forms into precise arrangements of diamonds.</p>,https://www.elle.com/fashion/a71040552/enter-the-winston-garden-forever-in-bloom/
